,skin,fat,muscle,ijv,cca
0,28.0,23.0,9.0,52.0,52.0
1,28.0,23.0,9.0,44.75,44.75
2,28.0,23.0,9.0,37.5,37.5
3,28.0,23.0,9.0,30.25,30.25
4,28.0,23.0,9.0,23.0,23.0
5,28.0,23.0,7.75,52.0,52.0
6,28.0,23.0,7.75,44.75,44.75
7,28.0,23.0,7.75,37.5,37.5
8,28.0,23.0,7.75,30.25,30.25
9,28.0,23.0,7.75,23.0,23.0
10,28.0,23.0,6.5,52.0,52.0
11,28.0,23.0,6.5,44.75,44.75
12,28.0,23.0,6.5,37.5,37.5
13,28.0,23.0,6.5,30.25,30.25
14,28.0,23.0,6.5,23.0,23.0
15,28.0,23.0,5.25,52.0,52.0
16,28.0,23.0,5.25,44.75,44.75
17,28.0,23.0,5.25,37.5,37.5
18,28.0,23.0,5.25,30.25,30.25
19,28.0,23.0,5.25,23.0,23.0
20,28.0,23.0,4.0,52.0,52.0
21,28.0,23.0,4.0,44.75,44.75
22,28.0,23.0,4.0,37.5,37.5
23,28.0,23.0,4.0,30.25,30.25
24,28.0,23.0,4.0,23.0,23.0
25,28.0,20.833333333333332,9.0,52.0,52.0
26,28.0,20.833333333333332,9.0,44.75,44.75
27,28.0,20.833333333333332,9.0,37.5,37.5
28,28.0,20.833333333333332,9.0,30.25,30.25
29,28.0,20.833333333333332,9.0,23.0,23.0
30,28.0,20.833333333333332,7.75,52.0,52.0
31,28.0,20.833333333333332,7.75,44.75,44.75
32,28.0,20.833333333333332,7.75,37.5,37.5
33,28.0,20.833333333333332,7.75,30.25,30.25
34,28.0,20.833333333333332,7.75,23.0,23.0
35,28.0,20.833333333333332,6.5,52.0,52.0
36,28.0,20.833333333333332,6.5,44.75,44.75
37,28.0,20.833333333333332,6.5,37.5,37.5
38,28.0,20.833333333333332,6.5,30.25,30.25
39,28.0,20.833333333333332,6.5,23.0,23.0
40,28.0,20.833333333333332,5.25,52.0,52.0
41,28.0,20.833333333333332,5.25,44.75,44.75
42,28.0,20.833333333333332,5.25,37.5,37.5
43,28.0,20.833333333333332,5.25,30.25,30.25
44,28.0,20.833333333333332,5.25,23.0,23.0
45,28.0,20.833333333333332,4.0,52.0,52.0
46,28.0,20.833333333333332,4.0,44.75,44.75
47,28.0,20.833333333333332,4.0,37.5,37.5
48,28.0,20.833333333333332,4.0,30.25,30.25
49,28.0,20.833333333333332,4.0,23.0,23.0
50,28.0,18.666666666666668,9.0,52.0,52.0
51,28.0,18.666666666666668,9.0,44.75,44.75
52,28.0,18.666666666666668,9.0,37.5,37.5
53,28.0,18.666666666666668,9.0,30.25,30.25
54,28.0,18.666666666666668,9.0,23.0,23.0
55,28.0,18.666666666666668,7.75,52.0,52.0
56,28.0,18.666666666666668,7.75,44.75,44.75
57,28.0,18.666666666666668,7.75,37.5,37.5
58,28.0,18.666666666666668,7.75,30.25,30.25
59,28.0,18.666666666666668,7.75,23.0,23.0
60,28.0,18.666666666666668,6.5,52.0,52.0
61,28.0,18.666666666666668,6.5,44.75,44.75
62,28.0,18.666666666666668,6.5,37.5,37.5
63,28.0,18.666666666666668,6.5,30.25,30.25
64,28.0,18.666666666666668,6.5,23.0,23.0
65,28.0,18.666666666666668,5.25,52.0,52.0
66,28.0,18.666666666666668,5.25,44.75,44.75
67,28.0,18.666666666666668,5.25,37.5,37.5
68,28.0,18.666666666666668,5.25,30.25,30.25
69,28.0,18.666666666666668,5.25,23.0,23.0
70,28.0,18.666666666666668,4.0,52.0,52.0
71,28.0,18.666666666666668,4.0,44.75,44.75
72,28.0,18.666666666666668,4.0,37.5,37.5
73,28.0,18.666666666666668,4.0,30.25,30.25
74,28.0,18.666666666666668,4.0,23.0,23.0
75,28.0,16.5,9.0,52.0,52.0
76,28.0,16.5,9.0,44.75,44.75
77,28.0,16.5,9.0,37.5,37.5
78,28.0,16.5,9.0,30.25,30.25
79,28.0,16.5,9.0,23.0,23.0
80,28.0,16.5,7.75,52.0,52.0
81,28.0,16.5,7.75,44.75,44.75
82,28.0,16.5,7.75,37.5,37.5
83,28.0,16.5,7.75,30.25,30.25
84,28.0,16.5,7.75,23.0,23.0
85,28.0,16.5,6.5,52.0,52.0
86,28.0,16.5,6.5,44.75,44.75
87,28.0,16.5,6.5,37.5,37.5
88,28.0,16.5,6.5,30.25,30.25
89,28.0,16.5,6.5,23.0,23.0
90,28.0,16.5,5.25,52.0,52.0
91,28.0,16.5,5.25,44.75,44.75
92,28.0,16.5,5.25,37.5,37.5
93,28.0,16.5,5.25,30.25,30.25
94,28.0,16.5,5.25,23.0,23.0
95,28.0,16.5,4.0,52.0,52.0
96,28.0,16.5,4.0,44.75,44.75
97,28.0,16.5,4.0,37.5,37.5
98,28.0,16.5,4.0,30.25,30.25
99,28.0,16.5,4.0,23.0,23.0
100,28.0,14.333333333333334,9.0,52.0,52.0
101,28.0,14.333333333333334,9.0,44.75,44.75
102,28.0,14.333333333333334,9.0,37.5,37.5
103,28.0,14.333333333333334,9.0,30.25,30.25
104,28.0,14.333333333333334,9.0,23.0,23.0
105,28.0,14.333333333333334,7.75,52.0,52.0
106,28.0,14.333333333333334,7.75,44.75,44.75
107,28.0,14.333333333333334,7.75,37.5,37.5
108,28.0,14.333333333333334,7.75,30.25,30.25
109,28.0,14.333333333333334,7.75,23.0,23.0
110,28.0,14.333333333333334,6.5,52.0,52.0
111,28.0,14.333333333333334,6.5,44.75,44.75
112,28.0,14.333333333333334,6.5,37.5,37.5
113,28.0,14.333333333333334,6.5,30.25,30.25
114,28.0,14.333333333333334,6.5,23.0,23.0
115,28.0,14.333333333333334,5.25,52.0,52.0
116,28.0,14.333333333333334,5.25,44.75,44.75
117,28.0,14.333333333333334,5.25,37.5,37.5
118,28.0,14.333333333333334,5.25,30.25,30.25
119,28.0,14.333333333333334,5.25,23.0,23.0
120,28.0,14.333333333333334,4.0,52.0,52.0
121,28.0,14.333333333333334,4.0,44.75,44.75
122,28.0,14.333333333333334,4.0,37.5,37.5
123,28.0,14.333333333333334,4.0,30.25,30.25
124,28.0,14.333333333333334,4.0,23.0,23.0
125,28.0,12.166666666666668,9.0,52.0,52.0
126,28.0,12.166666666666668,9.0,44.75,44.75
127,28.0,12.166666666666668,9.0,37.5,37.5
128,28.0,12.166666666666668,9.0,30.25,30.25
129,28.0,12.166666666666668,9.0,23.0,23.0
130,28.0,12.166666666666668,7.75,52.0,52.0
131,28.0,12.166666666666668,7.75,44.75,44.75
132,28.0,12.166666666666668,7.75,37.5,37.5
133,28.0,12.166666666666668,7.75,30.25,30.25
134,28.0,12.166666666666668,7.75,23.0,23.0
135,28.0,12.166666666666668,6.5,52.0,52.0
136,28.0,12.166666666666668,6.5,44.75,44.75
137,28.0,12.166666666666668,6.5,37.5,37.5
138,28.0,12.166666666666668,6.5,30.25,30.25
139,28.0,12.166666666666668,6.5,23.0,23.0
140,28.0,12.166666666666668,5.25,52.0,52.0
141,28.0,12.166666666666668,5.25,44.75,44.75
142,28.0,12.166666666666668,5.25,37.5,37.5
143,28.0,12.166666666666668,5.25,30.25,30.25
144,28.0,12.166666666666668,5.25,23.0,23.0
145,28.0,12.166666666666668,4.0,52.0,52.0
146,28.0,12.166666666666668,4.0,44.75,44.75
147,28.0,12.166666666666668,4.0,37.5,37.5
148,28.0,12.166666666666668,4.0,30.25,30.25
149,28.0,12.166666666666668,4.0,23.0,23.0
150,28.0,10.0,9.0,52.0,52.0
151,28.0,10.0,9.0,44.75,44.75
152,28.0,10.0,9.0,37.5,37.5
153,28.0,10.0,9.0,30.25,30.25
154,28.0,10.0,9.0,23.0,23.0
155,28.0,10.0,7.75,52.0,52.0
156,28.0,10.0,7.75,44.75,44.75
157,28.0,10.0,7.75,37.5,37.5
158,28.0,10.0,7.75,30.25,30.25
159,28.0,10.0,7.75,23.0,23.0
160,28.0,10.0,6.5,52.0,52.0
161,28.0,10.0,6.5,44.75,44.75
162,28.0,10.0,6.5,37.5,37.5
163,28.0,10.0,6.5,30.25,30.25
164,28.0,10.0,6.5,23.0,23.0
165,28.0,10.0,5.25,52.0,52.0
166,28.0,10.0,5.25,44.75,44.75
167,28.0,10.0,5.25,37.5,37.5
168,28.0,10.0,5.25,30.25,30.25
169,28.0,10.0,5.25,23.0,23.0
170,28.0,10.0,4.0,52.0,52.0
171,28.0,10.0,4.0,44.75,44.75
172,28.0,10.0,4.0,37.5,37.5
173,28.0,10.0,4.0,30.25,30.25
174,28.0,10.0,4.0,23.0,23.0
175,25.0,23.0,9.0,52.0,52.0
176,25.0,23.0,9.0,44.75,44.75
177,25.0,23.0,9.0,37.5,37.5
178,25.0,23.0,9.0,30.25,30.25
179,25.0,23.0,9.0,23.0,23.0
180,25.0,23.0,7.75,52.0,52.0
181,25.0,23.0,7.75,44.75,44.75
182,25.0,23.0,7.75,37.5,37.5
183,25.0,23.0,7.75,30.25,30.25
184,25.0,23.0,7.75,23.0,23.0
185,25.0,23.0,6.5,52.0,52.0
186,25.0,23.0,6.5,44.75,44.75
187,25.0,23.0,6.5,37.5,37.5
188,25.0,23.0,6.5,30.25,30.25
189,25.0,23.0,6.5,23.0,23.0
190,25.0,23.0,5.25,52.0,52.0
191,25.0,23.0,5.25,44.75,44.75
192,25.0,23.0,5.25,37.5,37.5
193,25.0,23.0,5.25,30.25,30.25
194,25.0,23.0,5.25,23.0,23.0
195,25.0,23.0,4.0,52.0,52.0
196,25.0,23.0,4.0,44.75,44.75
197,25.0,23.0,4.0,37.5,37.5
198,25.0,23.0,4.0,30.25,30.25
199,25.0,23.0,4.0,23.0,23.0
200,25.0,20.833333333333332,9.0,52.0,52.0
201,25.0,20.833333333333332,9.0,44.75,44.75
202,25.0,20.833333333333332,9.0,37.5,37.5
203,25.0,20.833333333333332,9.0,30.25,30.25
204,25.0,20.833333333333332,9.0,23.0,23.0
205,25.0,20.833333333333332,7.75,52.0,52.0
206,25.0,20.833333333333332,7.75,44.75,44.75
207,25.0,20.833333333333332,7.75,37.5,37.5
208,25.0,20.833333333333332,7.75,30.25,30.25
209,25.0,20.833333333333332,7.75,23.0,23.0
210,25.0,20.833333333333332,6.5,52.0,52.0
211,25.0,20.833333333333332,6.5,44.75,44.75
212,25.0,20.833333333333332,6.5,37.5,37.5
213,25.0,20.833333333333332,6.5,30.25,30.25
214,25.0,20.833333333333332,6.5,23.0,23.0
215,25.0,20.833333333333332,5.25,52.0,52.0
216,25.0,20.833333333333332,5.25,44.75,44.75
217,25.0,20.833333333333332,5.25,37.5,37.5
218,25.0,20.833333333333332,5.25,30.25,30.25
219,25.0,20.833333333333332,5.25,23.0,23.0
220,25.0,20.833333333333332,4.0,52.0,52.0
221,25.0,20.833333333333332,4.0,44.75,44.75
222,25.0,20.833333333333332,4.0,37.5,37.5
223,25.0,20.833333333333332,4.0,30.25,30.25
224,25.0,20.833333333333332,4.0,23.0,23.0
225,25.0,18.666666666666668,9.0,52.0,52.0
226,25.0,18.666666666666668,9.0,44.75,44.75
227,25.0,18.666666666666668,9.0,37.5,37.5
228,25.0,18.666666666666668,9.0,30.25,30.25
229,25.0,18.666666666666668,9.0,23.0,23.0
230,25.0,18.666666666666668,7.75,52.0,52.0
231,25.0,18.666666666666668,7.75,44.75,44.75
232,25.0,18.666666666666668,7.75,37.5,37.5
233,25.0,18.666666666666668,7.75,30.25,30.25
234,25.0,18.666666666666668,7.75,23.0,23.0
235,25.0,18.666666666666668,6.5,52.0,52.0
236,25.0,18.666666666666668,6.5,44.75,44.75
237,25.0,18.666666666666668,6.5,37.5,37.5
238,25.0,18.666666666666668,6.5,30.25,30.25
239,25.0,18.666666666666668,6.5,23.0,23.0
240,25.0,18.666666666666668,5.25,52.0,52.0
241,25.0,18.666666666666668,5.25,44.75,44.75
242,25.0,18.666666666666668,5.25,37.5,37.5
243,25.0,18.666666666666668,5.25,30.25,30.25
244,25.0,18.666666666666668,5.25,23.0,23.0
245,25.0,18.666666666666668,4.0,52.0,52.0
246,25.0,18.666666666666668,4.0,44.75,44.75
247,25.0,18.666666666666668,4.0,37.5,37.5
248,25.0,18.666666666666668,4.0,30.25,30.25
249,25.0,18.666666666666668,4.0,23.0,23.0
250,25.0,16.5,9.0,52.0,52.0
251,25.0,16.5,9.0,44.75,44.75
252,25.0,16.5,9.0,37.5,37.5
253,25.0,16.5,9.0,30.25,30.25
254,25.0,16.5,9.0,23.0,23.0
255,25.0,16.5,7.75,52.0,52.0
256,25.0,16.5,7.75,44.75,44.75
257,25.0,16.5,7.75,37.5,37.5
258,25.0,16.5,7.75,30.25,30.25
259,25.0,16.5,7.75,23.0,23.0
260,25.0,16.5,6.5,52.0,52.0
261,25.0,16.5,6.5,44.75,44.75
262,25.0,16.5,6.5,37.5,37.5
263,25.0,16.5,6.5,30.25,30.25
264,25.0,16.5,6.5,23.0,23.0
265,25.0,16.5,5.25,52.0,52.0
266,25.0,16.5,5.25,44.75,44.75
267,25.0,16.5,5.25,37.5,37.5
268,25.0,16.5,5.25,30.25,30.25
269,25.0,16.5,5.25,23.0,23.0
270,25.0,16.5,4.0,52.0,52.0
271,25.0,16.5,4.0,44.75,44.75
272,25.0,16.5,4.0,37.5,37.5
273,25.0,16.5,4.0,30.25,30.25
274,25.0,16.5,4.0,23.0,23.0
275,25.0,14.333333333333334,9.0,52.0,52.0
276,25.0,14.333333333333334,9.0,44.75,44.75
277,25.0,14.333333333333334,9.0,37.5,37.5
278,25.0,14.333333333333334,9.0,30.25,30.25
279,25.0,14.333333333333334,9.0,23.0,23.0
280,25.0,14.333333333333334,7.75,52.0,52.0
281,25.0,14.333333333333334,7.75,44.75,44.75
282,25.0,14.333333333333334,7.75,37.5,37.5
283,25.0,14.333333333333334,7.75,30.25,30.25
284,25.0,14.333333333333334,7.75,23.0,23.0
285,25.0,14.333333333333334,6.5,52.0,52.0
286,25.0,14.333333333333334,6.5,44.75,44.75
287,25.0,14.333333333333334,6.5,37.5,37.5
288,25.0,14.333333333333334,6.5,30.25,30.25
289,25.0,14.333333333333334,6.5,23.0,23.0
290,25.0,14.333333333333334,5.25,52.0,52.0
291,25.0,14.333333333333334,5.25,44.75,44.75
292,25.0,14.333333333333334,5.25,37.5,37.5
293,25.0,14.333333333333334,5.25,30.25,30.25
294,25.0,14.333333333333334,5.25,23.0,23.0
295,25.0,14.333333333333334,4.0,52.0,52.0
296,25.0,14.333333333333334,4.0,44.75,44.75
297,25.0,14.333333333333334,4.0,37.5,37.5
298,25.0,14.333333333333334,4.0,30.25,30.25
299,25.0,14.333333333333334,4.0,23.0,23.0
300,25.0,12.166666666666668,9.0,52.0,52.0
301,25.0,12.166666666666668,9.0,44.75,44.75
302,25.0,12.166666666666668,9.0,37.5,37.5
303,25.0,12.166666666666668,9.0,30.25,30.25
304,25.0,12.166666666666668,9.0,23.0,23.0
305,25.0,12.166666666666668,7.75,52.0,52.0
306,25.0,12.166666666666668,7.75,44.75,44.75
307,25.0,12.166666666666668,7.75,37.5,37.5
308,25.0,12.166666666666668,7.75,30.25,30.25
309,25.0,12.166666666666668,7.75,23.0,23.0
310,25.0,12.166666666666668,6.5,52.0,52.0
311,25.0,12.166666666666668,6.5,44.75,44.75
312,25.0,12.166666666666668,6.5,37.5,37.5
313,25.0,12.166666666666668,6.5,30.25,30.25
314,25.0,12.166666666666668,6.5,23.0,23.0
315,25.0,12.166666666666668,5.25,52.0,52.0
316,25.0,12.166666666666668,5.25,44.75,44.75
317,25.0,12.166666666666668,5.25,37.5,37.5
318,25.0,12.166666666666668,5.25,30.25,30.25
319,25.0,12.166666666666668,5.25,23.0,23.0
320,25.0,12.166666666666668,4.0,52.0,52.0
321,25.0,12.166666666666668,4.0,44.75,44.75
322,25.0,12.166666666666668,4.0,37.5,37.5
323,25.0,12.166666666666668,4.0,30.25,30.25
324,25.0,12.166666666666668,4.0,23.0,23.0
325,25.0,10.0,9.0,52.0,52.0
326,25.0,10.0,9.0,44.75,44.75
327,25.0,10.0,9.0,37.5,37.5
328,25.0,10.0,9.0,30.25,30.25
329,25.0,10.0,9.0,23.0,23.0
330,25.0,10.0,7.75,52.0,52.0
331,25.0,10.0,7.75,44.75,44.75
332,25.0,10.0,7.75,37.5,37.5
333,25.0,10.0,7.75,30.25,30.25
334,25.0,10.0,7.75,23.0,23.0
335,25.0,10.0,6.5,52.0,52.0
336,25.0,10.0,6.5,44.75,44.75
337,25.0,10.0,6.5,37.5,37.5
338,25.0,10.0,6.5,30.25,30.25
339,25.0,10.0,6.5,23.0,23.0
340,25.0,10.0,5.25,52.0,52.0
341,25.0,10.0,5.25,44.75,44.75
342,25.0,10.0,5.25,37.5,37.5
343,25.0,10.0,5.25,30.25,30.25
344,25.0,10.0,5.25,23.0,23.0
345,25.0,10.0,4.0,52.0,52.0
346,25.0,10.0,4.0,44.75,44.75
347,25.0,10.0,4.0,37.5,37.5
348,25.0,10.0,4.0,30.25,30.25
349,25.0,10.0,4.0,23.0,23.0
350,22.0,23.0,9.0,52.0,52.0
351,22.0,23.0,9.0,44.75,44.75
352,22.0,23.0,9.0,37.5,37.5
353,22.0,23.0,9.0,30.25,30.25
354,22.0,23.0,9.0,23.0,23.0
355,22.0,23.0,7.75,52.0,52.0
356,22.0,23.0,7.75,44.75,44.75
357,22.0,23.0,7.75,37.5,37.5
358,22.0,23.0,7.75,30.25,30.25
359,22.0,23.0,7.75,23.0,23.0
360,22.0,23.0,6.5,52.0,52.0
361,22.0,23.0,6.5,44.75,44.75
362,22.0,23.0,6.5,37.5,37.5
363,22.0,23.0,6.5,30.25,30.25
364,22.0,23.0,6.5,23.0,23.0
365,22.0,23.0,5.25,52.0,52.0
366,22.0,23.0,5.25,44.75,44.75
367,22.0,23.0,5.25,37.5,37.5
368,22.0,23.0,5.25,30.25,30.25
369,22.0,23.0,5.25,23.0,23.0
370,22.0,23.0,4.0,52.0,52.0
371,22.0,23.0,4.0,44.75,44.75
372,22.0,23.0,4.0,37.5,37.5
373,22.0,23.0,4.0,30.25,30.25
374,22.0,23.0,4.0,23.0,23.0
375,22.0,20.833333333333332,9.0,52.0,52.0
376,22.0,20.833333333333332,9.0,44.75,44.75
377,22.0,20.833333333333332,9.0,37.5,37.5
378,22.0,20.833333333333332,9.0,30.25,30.25
379,22.0,20.833333333333332,9.0,23.0,23.0
380,22.0,20.833333333333332,7.75,52.0,52.0
381,22.0,20.833333333333332,7.75,44.75,44.75
382,22.0,20.833333333333332,7.75,37.5,37.5
383,22.0,20.833333333333332,7.75,30.25,30.25
384,22.0,20.833333333333332,7.75,23.0,23.0
385,22.0,20.833333333333332,6.5,52.0,52.0
386,22.0,20.833333333333332,6.5,44.75,44.75
387,22.0,20.833333333333332,6.5,37.5,37.5
388,22.0,20.833333333333332,6.5,30.25,30.25
389,22.0,20.833333333333332,6.5,23.0,23.0
390,22.0,20.833333333333332,5.25,52.0,52.0
391,22.0,20.833333333333332,5.25,44.75,44.75
392,22.0,20.833333333333332,5.25,37.5,37.5
393,22.0,20.833333333333332,5.25,30.25,30.25
394,22.0,20.833333333333332,5.25,23.0,23.0
395,22.0,20.833333333333332,4.0,52.0,52.0
396,22.0,20.833333333333332,4.0,44.75,44.75
397,22.0,20.833333333333332,4.0,37.5,37.5
398,22.0,20.833333333333332,4.0,30.25,30.25
399,22.0,20.833333333333332,4.0,23.0,23.0
400,22.0,18.666666666666668,9.0,52.0,52.0
401,22.0,18.666666666666668,9.0,44.75,44.75
402,22.0,18.666666666666668,9.0,37.5,37.5
403,22.0,18.666666666666668,9.0,30.25,30.25
404,22.0,18.666666666666668,9.0,23.0,23.0
405,22.0,18.666666666666668,7.75,52.0,52.0
406,22.0,18.666666666666668,7.75,44.75,44.75
407,22.0,18.666666666666668,7.75,37.5,37.5
408,22.0,18.666666666666668,7.75,30.25,30.25
409,22.0,18.666666666666668,7.75,23.0,23.0
410,22.0,18.666666666666668,6.5,52.0,52.0
411,22.0,18.666666666666668,6.5,44.75,44.75
412,22.0,18.666666666666668,6.5,37.5,37.5
413,22.0,18.666666666666668,6.5,30.25,30.25
414,22.0,18.666666666666668,6.5,23.0,23.0
415,22.0,18.666666666666668,5.25,52.0,52.0
416,22.0,18.666666666666668,5.25,44.75,44.75
417,22.0,18.666666666666668,5.25,37.5,37.5
418,22.0,18.666666666666668,5.25,30.25,30.25
419,22.0,18.666666666666668,5.25,23.0,23.0
420,22.0,18.666666666666668,4.0,52.0,52.0
421,22.0,18.666666666666668,4.0,44.75,44.75
422,22.0,18.666666666666668,4.0,37.5,37.5
423,22.0,18.666666666666668,4.0,30.25,30.25
424,22.0,18.666666666666668,4.0,23.0,23.0
425,22.0,16.5,9.0,52.0,52.0
426,22.0,16.5,9.0,44.75,44.75
427,22.0,16.5,9.0,37.5,37.5
428,22.0,16.5,9.0,30.25,30.25
429,22.0,16.5,9.0,23.0,23.0
430,22.0,16.5,7.75,52.0,52.0
431,22.0,16.5,7.75,44.75,44.75
432,22.0,16.5,7.75,37.5,37.5
433,22.0,16.5,7.75,30.25,30.25
434,22.0,16.5,7.75,23.0,23.0
435,22.0,16.5,6.5,52.0,52.0
436,22.0,16.5,6.5,44.75,44.75
437,22.0,16.5,6.5,37.5,37.5
438,22.0,16.5,6.5,30.25,30.25
439,22.0,16.5,6.5,23.0,23.0
440,22.0,16.5,5.25,52.0,52.0
441,22.0,16.5,5.25,44.75,44.75
442,22.0,16.5,5.25,37.5,37.5
443,22.0,16.5,5.25,30.25,30.25
444,22.0,16.5,5.25,23.0,23.0
445,22.0,16.5,4.0,52.0,52.0
446,22.0,16.5,4.0,44.75,44.75
447,22.0,16.5,4.0,37.5,37.5
448,22.0,16.5,4.0,30.25,30.25
449,22.0,16.5,4.0,23.0,23.0
450,22.0,14.333333333333334,9.0,52.0,52.0
451,22.0,14.333333333333334,9.0,44.75,44.75
452,22.0,14.333333333333334,9.0,37.5,37.5
453,22.0,14.333333333333334,9.0,30.25,30.25
454,22.0,14.333333333333334,9.0,23.0,23.0
455,22.0,14.333333333333334,7.75,52.0,52.0
456,22.0,14.333333333333334,7.75,44.75,44.75
457,22.0,14.333333333333334,7.75,37.5,37.5
458,22.0,14.333333333333334,7.75,30.25,30.25
459,22.0,14.333333333333334,7.75,23.0,23.0
460,22.0,14.333333333333334,6.5,52.0,52.0
461,22.0,14.333333333333334,6.5,44.75,44.75
462,22.0,14.333333333333334,6.5,37.5,37.5
463,22.0,14.333333333333334,6.5,30.25,30.25
464,22.0,14.333333333333334,6.5,23.0,23.0
465,22.0,14.333333333333334,5.25,52.0,52.0
466,22.0,14.333333333333334,5.25,44.75,44.75
467,22.0,14.333333333333334,5.25,37.5,37.5
468,22.0,14.333333333333334,5.25,30.25,30.25
469,22.0,14.333333333333334,5.25,23.0,23.0
470,22.0,14.333333333333334,4.0,52.0,52.0
471,22.0,14.333333333333334,4.0,44.75,44.75
472,22.0,14.333333333333334,4.0,37.5,37.5
473,22.0,14.333333333333334,4.0,30.25,30.25
474,22.0,14.333333333333334,4.0,23.0,23.0
475,22.0,12.166666666666668,9.0,52.0,52.0
476,22.0,12.166666666666668,9.0,44.75,44.75
477,22.0,12.166666666666668,9.0,37.5,37.5
478,22.0,12.166666666666668,9.0,30.25,30.25
479,22.0,12.166666666666668,9.0,23.0,23.0
480,22.0,12.166666666666668,7.75,52.0,52.0
481,22.0,12.166666666666668,7.75,44.75,44.75
482,22.0,12.166666666666668,7.75,37.5,37.5
483,22.0,12.166666666666668,7.75,30.25,30.25
484,22.0,12.166666666666668,7.75,23.0,23.0
485,22.0,12.166666666666668,6.5,52.0,52.0
486,22.0,12.166666666666668,6.5,44.75,44.75
487,22.0,12.166666666666668,6.5,37.5,37.5
488,22.0,12.166666666666668,6.5,30.25,30.25
489,22.0,12.166666666666668,6.5,23.0,23.0
490,22.0,12.166666666666668,5.25,52.0,52.0
491,22.0,12.166666666666668,5.25,44.75,44.75
492,22.0,12.166666666666668,5.25,37.5,37.5
493,22.0,12.166666666666668,5.25,30.25,30.25
494,22.0,12.166666666666668,5.25,23.0,23.0
495,22.0,12.166666666666668,4.0,52.0,52.0
496,22.0,12.166666666666668,4.0,44.75,44.75
497,22.0,12.166666666666668,4.0,37.5,37.5
498,22.0,12.166666666666668,4.0,30.25,30.25
499,22.0,12.166666666666668,4.0,23.0,23.0
500,22.0,10.0,9.0,52.0,52.0
501,22.0,10.0,9.0,44.75,44.75
502,22.0,10.0,9.0,37.5,37.5
503,22.0,10.0,9.0,30.25,30.25
504,22.0,10.0,9.0,23.0,23.0
505,22.0,10.0,7.75,52.0,52.0
506,22.0,10.0,7.75,44.75,44.75
507,22.0,10.0,7.75,37.5,37.5
508,22.0,10.0,7.75,30.25,30.25
509,22.0,10.0,7.75,23.0,23.0
510,22.0,10.0,6.5,52.0,52.0
511,22.0,10.0,6.5,44.75,44.75
512,22.0,10.0,6.5,37.5,37.5
513,22.0,10.0,6.5,30.25,30.25
514,22.0,10.0,6.5,23.0,23.0
515,22.0,10.0,5.25,52.0,52.0
516,22.0,10.0,5.25,44.75,44.75
517,22.0,10.0,5.25,37.5,37.5
518,22.0,10.0,5.25,30.25,30.25
519,22.0,10.0,5.25,23.0,23.0
520,22.0,10.0,4.0,52.0,52.0
521,22.0,10.0,4.0,44.75,44.75
522,22.0,10.0,4.0,37.5,37.5
523,22.0,10.0,4.0,30.25,30.25
524,22.0,10.0,4.0,23.0,23.0
525,19.0,23.0,9.0,52.0,52.0
526,19.0,23.0,9.0,44.75,44.75
527,19.0,23.0,9.0,37.5,37.5
528,19.0,23.0,9.0,30.25,30.25
529,19.0,23.0,9.0,23.0,23.0
530,19.0,23.0,7.75,52.0,52.0
531,19.0,23.0,7.75,44.75,44.75
532,19.0,23.0,7.75,37.5,37.5
533,19.0,23.0,7.75,30.25,30.25
534,19.0,23.0,7.75,23.0,23.0
535,19.0,23.0,6.5,52.0,52.0
536,19.0,23.0,6.5,44.75,44.75
537,19.0,23.0,6.5,37.5,37.5
538,19.0,23.0,6.5,30.25,30.25
539,19.0,23.0,6.5,23.0,23.0
540,19.0,23.0,5.25,52.0,52.0
541,19.0,23.0,5.25,44.75,44.75
542,19.0,23.0,5.25,37.5,37.5
543,19.0,23.0,5.25,30.25,30.25
544,19.0,23.0,5.25,23.0,23.0
545,19.0,23.0,4.0,52.0,52.0
546,19.0,23.0,4.0,44.75,44.75
547,19.0,23.0,4.0,37.5,37.5
548,19.0,23.0,4.0,30.25,30.25
549,19.0,23.0,4.0,23.0,23.0
550,19.0,20.833333333333332,9.0,52.0,52.0
551,19.0,20.833333333333332,9.0,44.75,44.75
552,19.0,20.833333333333332,9.0,37.5,37.5
553,19.0,20.833333333333332,9.0,30.25,30.25
554,19.0,20.833333333333332,9.0,23.0,23.0
555,19.0,20.833333333333332,7.75,52.0,52.0
556,19.0,20.833333333333332,7.75,44.75,44.75
557,19.0,20.833333333333332,7.75,37.5,37.5
558,19.0,20.833333333333332,7.75,30.25,30.25
559,19.0,20.833333333333332,7.75,23.0,23.0
560,19.0,20.833333333333332,6.5,52.0,52.0
561,19.0,20.833333333333332,6.5,44.75,44.75
562,19.0,20.833333333333332,6.5,37.5,37.5
563,19.0,20.833333333333332,6.5,30.25,30.25
564,19.0,20.833333333333332,6.5,23.0,23.0
565,19.0,20.833333333333332,5.25,52.0,52.0
566,19.0,20.833333333333332,5.25,44.75,44.75
567,19.0,20.833333333333332,5.25,37.5,37.5
568,19.0,20.833333333333332,5.25,30.25,30.25
569,19.0,20.833333333333332,5.25,23.0,23.0
570,19.0,20.833333333333332,4.0,52.0,52.0
571,19.0,20.833333333333332,4.0,44.75,44.75
572,19.0,20.833333333333332,4.0,37.5,37.5
573,19.0,20.833333333333332,4.0,30.25,30.25
574,19.0,20.833333333333332,4.0,23.0,23.0
575,19.0,18.666666666666668,9.0,52.0,52.0
576,19.0,18.666666666666668,9.0,44.75,44.75
577,19.0,18.666666666666668,9.0,37.5,37.5
578,19.0,18.666666666666668,9.0,30.25,30.25
579,19.0,18.666666666666668,9.0,23.0,23.0
580,19.0,18.666666666666668,7.75,52.0,52.0
581,19.0,18.666666666666668,7.75,44.75,44.75
582,19.0,18.666666666666668,7.75,37.5,37.5
583,19.0,18.666666666666668,7.75,30.25,30.25
584,19.0,18.666666666666668,7.75,23.0,23.0
585,19.0,18.666666666666668,6.5,52.0,52.0
586,19.0,18.666666666666668,6.5,44.75,44.75
587,19.0,18.666666666666668,6.5,37.5,37.5
588,19.0,18.666666666666668,6.5,30.25,30.25
589,19.0,18.666666666666668,6.5,23.0,23.0
590,19.0,18.666666666666668,5.25,52.0,52.0
591,19.0,18.666666666666668,5.25,44.75,44.75
592,19.0,18.666666666666668,5.25,37.5,37.5
593,19.0,18.666666666666668,5.25,30.25,30.25
594,19.0,18.666666666666668,5.25,23.0,23.0
595,19.0,18.666666666666668,4.0,52.0,52.0
596,19.0,18.666666666666668,4.0,44.75,44.75
597,19.0,18.666666666666668,4.0,37.5,37.5
598,19.0,18.666666666666668,4.0,30.25,30.25
599,19.0,18.666666666666668,4.0,23.0,23.0
600,19.0,16.5,9.0,52.0,52.0
601,19.0,16.5,9.0,44.75,44.75
602,19.0,16.5,9.0,37.5,37.5
603,19.0,16.5,9.0,30.25,30.25
604,19.0,16.5,9.0,23.0,23.0
605,19.0,16.5,7.75,52.0,52.0
606,19.0,16.5,7.75,44.75,44.75
607,19.0,16.5,7.75,37.5,37.5
608,19.0,16.5,7.75,30.25,30.25
609,19.0,16.5,7.75,23.0,23.0
610,19.0,16.5,6.5,52.0,52.0
611,19.0,16.5,6.5,44.75,44.75
612,19.0,16.5,6.5,37.5,37.5
613,19.0,16.5,6.5,30.25,30.25
614,19.0,16.5,6.5,23.0,23.0
615,19.0,16.5,5.25,52.0,52.0
616,19.0,16.5,5.25,44.75,44.75
617,19.0,16.5,5.25,37.5,37.5
618,19.0,16.5,5.25,30.25,30.25
619,19.0,16.5,5.25,23.0,23.0
620,19.0,16.5,4.0,52.0,52.0
621,19.0,16.5,4.0,44.75,44.75
622,19.0,16.5,4.0,37.5,37.5
623,19.0,16.5,4.0,30.25,30.25
624,19.0,16.5,4.0,23.0,23.0
625,19.0,14.333333333333334,9.0,52.0,52.0
626,19.0,14.333333333333334,9.0,44.75,44.75
627,19.0,14.333333333333334,9.0,37.5,37.5
628,19.0,14.333333333333334,9.0,30.25,30.25
629,19.0,14.333333333333334,9.0,23.0,23.0
630,19.0,14.333333333333334,7.75,52.0,52.0
631,19.0,14.333333333333334,7.75,44.75,44.75
632,19.0,14.333333333333334,7.75,37.5,37.5
633,19.0,14.333333333333334,7.75,30.25,30.25
634,19.0,14.333333333333334,7.75,23.0,23.0
635,19.0,14.333333333333334,6.5,52.0,52.0
636,19.0,14.333333333333334,6.5,44.75,44.75
637,19.0,14.333333333333334,6.5,37.5,37.5
638,19.0,14.333333333333334,6.5,30.25,30.25
639,19.0,14.333333333333334,6.5,23.0,23.0
640,19.0,14.333333333333334,5.25,52.0,52.0
641,19.0,14.333333333333334,5.25,44.75,44.75
642,19.0,14.333333333333334,5.25,37.5,37.5
643,19.0,14.333333333333334,5.25,30.25,30.25
644,19.0,14.333333333333334,5.25,23.0,23.0
645,19.0,14.333333333333334,4.0,52.0,52.0
646,19.0,14.333333333333334,4.0,44.75,44.75
647,19.0,14.333333333333334,4.0,37.5,37.5
648,19.0,14.333333333333334,4.0,30.25,30.25
649,19.0,14.333333333333334,4.0,23.0,23.0
650,19.0,12.166666666666668,9.0,52.0,52.0
651,19.0,12.166666666666668,9.0,44.75,44.75
652,19.0,12.166666666666668,9.0,37.5,37.5
653,19.0,12.166666666666668,9.0,30.25,30.25
654,19.0,12.166666666666668,9.0,23.0,23.0
655,19.0,12.166666666666668,7.75,52.0,52.0
656,19.0,12.166666666666668,7.75,44.75,44.75
657,19.0,12.166666666666668,7.75,37.5,37.5
658,19.0,12.166666666666668,7.75,30.25,30.25
659,19.0,12.166666666666668,7.75,23.0,23.0
660,19.0,12.166666666666668,6.5,52.0,52.0
661,19.0,12.166666666666668,6.5,44.75,44.75
662,19.0,12.166666666666668,6.5,37.5,37.5
663,19.0,12.166666666666668,6.5,30.25,30.25
664,19.0,12.166666666666668,6.5,23.0,23.0
665,19.0,12.166666666666668,5.25,52.0,52.0
666,19.0,12.166666666666668,5.25,44.75,44.75
667,19.0,12.166666666666668,5.25,37.5,37.5
668,19.0,12.166666666666668,5.25,30.25,30.25
669,19.0,12.166666666666668,5.25,23.0,23.0
670,19.0,12.166666666666668,4.0,52.0,52.0
671,19.0,12.166666666666668,4.0,44.75,44.75
672,19.0,12.166666666666668,4.0,37.5,37.5
673,19.0,12.166666666666668,4.0,30.25,30.25
674,19.0,12.166666666666668,4.0,23.0,23.0
675,19.0,10.0,9.0,52.0,52.0
676,19.0,10.0,9.0,44.75,44.75
677,19.0,10.0,9.0,37.5,37.5
678,19.0,10.0,9.0,30.25,30.25
679,19.0,10.0,9.0,23.0,23.0
680,19.0,10.0,7.75,52.0,52.0
681,19.0,10.0,7.75,44.75,44.75
682,19.0,10.0,7.75,37.5,37.5
683,19.0,10.0,7.75,30.25,30.25
684,19.0,10.0,7.75,23.0,23.0
685,19.0,10.0,6.5,52.0,52.0
686,19.0,10.0,6.5,44.75,44.75
687,19.0,10.0,6.5,37.5,37.5
688,19.0,10.0,6.5,30.25,30.25
689,19.0,10.0,6.5,23.0,23.0
690,19.0,10.0,5.25,52.0,52.0
691,19.0,10.0,5.25,44.75,44.75
692,19.0,10.0,5.25,37.5,37.5
693,19.0,10.0,5.25,30.25,30.25
694,19.0,10.0,5.25,23.0,23.0
695,19.0,10.0,4.0,52.0,52.0
696,19.0,10.0,4.0,44.75,44.75
697,19.0,10.0,4.0,37.5,37.5
698,19.0,10.0,4.0,30.25,30.25
699,19.0,10.0,4.0,23.0,23.0
700,16.0,23.0,9.0,52.0,52.0
701,16.0,23.0,9.0,44.75,44.75
702,16.0,23.0,9.0,37.5,37.5
703,16.0,23.0,9.0,30.25,30.25
704,16.0,23.0,9.0,23.0,23.0
705,16.0,23.0,7.75,52.0,52.0
706,16.0,23.0,7.75,44.75,44.75
707,16.0,23.0,7.75,37.5,37.5
708,16.0,23.0,7.75,30.25,30.25
709,16.0,23.0,7.75,23.0,23.0
710,16.0,23.0,6.5,52.0,52.0
711,16.0,23.0,6.5,44.75,44.75
712,16.0,23.0,6.5,37.5,37.5
713,16.0,23.0,6.5,30.25,30.25
714,16.0,23.0,6.5,23.0,23.0
715,16.0,23.0,5.25,52.0,52.0
716,16.0,23.0,5.25,44.75,44.75
717,16.0,23.0,5.25,37.5,37.5
718,16.0,23.0,5.25,30.25,30.25
719,16.0,23.0,5.25,23.0,23.0
720,16.0,23.0,4.0,52.0,52.0
721,16.0,23.0,4.0,44.75,44.75
722,16.0,23.0,4.0,37.5,37.5
723,16.0,23.0,4.0,30.25,30.25
724,16.0,23.0,4.0,23.0,23.0
725,16.0,20.833333333333332,9.0,52.0,52.0
726,16.0,20.833333333333332,9.0,44.75,44.75
727,16.0,20.833333333333332,9.0,37.5,37.5
728,16.0,20.833333333333332,9.0,30.25,30.25
729,16.0,20.833333333333332,9.0,23.0,23.0
730,16.0,20.833333333333332,7.75,52.0,52.0
731,16.0,20.833333333333332,7.75,44.75,44.75
732,16.0,20.833333333333332,7.75,37.5,37.5
733,16.0,20.833333333333332,7.75,30.25,30.25
734,16.0,20.833333333333332,7.75,23.0,23.0
735,16.0,20.833333333333332,6.5,52.0,52.0
736,16.0,20.833333333333332,6.5,44.75,44.75
737,16.0,20.833333333333332,6.5,37.5,37.5
738,16.0,20.833333333333332,6.5,30.25,30.25
739,16.0,20.833333333333332,6.5,23.0,23.0
740,16.0,20.833333333333332,5.25,52.0,52.0
741,16.0,20.833333333333332,5.25,44.75,44.75
742,16.0,20.833333333333332,5.25,37.5,37.5
743,16.0,20.833333333333332,5.25,30.25,30.25
744,16.0,20.833333333333332,5.25,23.0,23.0
745,16.0,20.833333333333332,4.0,52.0,52.0
746,16.0,20.833333333333332,4.0,44.75,44.75
747,16.0,20.833333333333332,4.0,37.5,37.5
748,16.0,20.833333333333332,4.0,30.25,30.25
749,16.0,20.833333333333332,4.0,23.0,23.0
750,16.0,18.666666666666668,9.0,52.0,52.0
751,16.0,18.666666666666668,9.0,44.75,44.75
752,16.0,18.666666666666668,9.0,37.5,37.5
753,16.0,18.666666666666668,9.0,30.25,30.25
754,16.0,18.666666666666668,9.0,23.0,23.0
755,16.0,18.666666666666668,7.75,52.0,52.0
756,16.0,18.666666666666668,7.75,44.75,44.75
757,16.0,18.666666666666668,7.75,37.5,37.5
758,16.0,18.666666666666668,7.75,30.25,30.25
759,16.0,18.666666666666668,7.75,23.0,23.0
760,16.0,18.666666666666668,6.5,52.0,52.0
761,16.0,18.666666666666668,6.5,44.75,44.75
762,16.0,18.666666666666668,6.5,37.5,37.5
763,16.0,18.666666666666668,6.5,30.25,30.25
764,16.0,18.666666666666668,6.5,23.0,23.0
765,16.0,18.666666666666668,5.25,52.0,52.0
766,16.0,18.666666666666668,5.25,44.75,44.75
767,16.0,18.666666666666668,5.25,37.5,37.5
768,16.0,18.666666666666668,5.25,30.25,30.25
769,16.0,18.666666666666668,5.25,23.0,23.0
770,16.0,18.666666666666668,4.0,52.0,52.0
771,16.0,18.666666666666668,4.0,44.75,44.75
772,16.0,18.666666666666668,4.0,37.5,37.5
773,16.0,18.666666666666668,4.0,30.25,30.25
774,16.0,18.666666666666668,4.0,23.0,23.0
775,16.0,16.5,9.0,52.0,52.0
776,16.0,16.5,9.0,44.75,44.75
777,16.0,16.5,9.0,37.5,37.5
778,16.0,16.5,9.0,30.25,30.25
779,16.0,16.5,9.0,23.0,23.0
780,16.0,16.5,7.75,52.0,52.0
781,16.0,16.5,7.75,44.75,44.75
782,16.0,16.5,7.75,37.5,37.5
783,16.0,16.5,7.75,30.25,30.25
784,16.0,16.5,7.75,23.0,23.0
785,16.0,16.5,6.5,52.0,52.0
786,16.0,16.5,6.5,44.75,44.75
787,16.0,16.5,6.5,37.5,37.5
788,16.0,16.5,6.5,30.25,30.25
789,16.0,16.5,6.5,23.0,23.0
790,16.0,16.5,5.25,52.0,52.0
791,16.0,16.5,5.25,44.75,44.75
792,16.0,16.5,5.25,37.5,37.5
793,16.0,16.5,5.25,30.25,30.25
794,16.0,16.5,5.25,23.0,23.0
795,16.0,16.5,4.0,52.0,52.0
796,16.0,16.5,4.0,44.75,44.75
797,16.0,16.5,4.0,37.5,37.5
798,16.0,16.5,4.0,30.25,30.25
799,16.0,16.5,4.0,23.0,23.0
800,16.0,14.333333333333334,9.0,52.0,52.0
801,16.0,14.333333333333334,9.0,44.75,44.75
802,16.0,14.333333333333334,9.0,37.5,37.5
803,16.0,14.333333333333334,9.0,30.25,30.25
804,16.0,14.333333333333334,9.0,23.0,23.0
805,16.0,14.333333333333334,7.75,52.0,52.0
806,16.0,14.333333333333334,7.75,44.75,44.75
807,16.0,14.333333333333334,7.75,37.5,37.5
808,16.0,14.333333333333334,7.75,30.25,30.25
809,16.0,14.333333333333334,7.75,23.0,23.0
810,16.0,14.333333333333334,6.5,52.0,52.0
811,16.0,14.333333333333334,6.5,44.75,44.75
812,16.0,14.333333333333334,6.5,37.5,37.5
813,16.0,14.333333333333334,6.5,30.25,30.25
814,16.0,14.333333333333334,6.5,23.0,23.0
815,16.0,14.333333333333334,5.25,52.0,52.0
816,16.0,14.333333333333334,5.25,44.75,44.75
817,16.0,14.333333333333334,5.25,37.5,37.5
818,16.0,14.333333333333334,5.25,30.25,30.25
819,16.0,14.333333333333334,5.25,23.0,23.0
820,16.0,14.333333333333334,4.0,52.0,52.0
821,16.0,14.333333333333334,4.0,44.75,44.75
822,16.0,14.333333333333334,4.0,37.5,37.5
823,16.0,14.333333333333334,4.0,30.25,30.25
824,16.0,14.333333333333334,4.0,23.0,23.0
825,16.0,12.166666666666668,9.0,52.0,52.0
826,16.0,12.166666666666668,9.0,44.75,44.75
827,16.0,12.166666666666668,9.0,37.5,37.5
828,16.0,12.166666666666668,9.0,30.25,30.25
829,16.0,12.166666666666668,9.0,23.0,23.0
830,16.0,12.166666666666668,7.75,52.0,52.0
831,16.0,12.166666666666668,7.75,44.75,44.75
832,16.0,12.166666666666668,7.75,37.5,37.5
833,16.0,12.166666666666668,7.75,30.25,30.25
834,16.0,12.166666666666668,7.75,23.0,23.0
835,16.0,12.166666666666668,6.5,52.0,52.0
836,16.0,12.166666666666668,6.5,44.75,44.75
837,16.0,12.166666666666668,6.5,37.5,37.5
838,16.0,12.166666666666668,6.5,30.25,30.25
839,16.0,12.166666666666668,6.5,23.0,23.0
840,16.0,12.166666666666668,5.25,52.0,52.0
841,16.0,12.166666666666668,5.25,44.75,44.75
842,16.0,12.166666666666668,5.25,37.5,37.5
843,16.0,12.166666666666668,5.25,30.25,30.25
844,16.0,12.166666666666668,5.25,23.0,23.0
845,16.0,12.166666666666668,4.0,52.0,52.0
846,16.0,12.166666666666668,4.0,44.75,44.75
847,16.0,12.166666666666668,4.0,37.5,37.5
848,16.0,12.166666666666668,4.0,30.25,30.25
849,16.0,12.166666666666668,4.0,23.0,23.0
850,16.0,10.0,9.0,52.0,52.0
851,16.0,10.0,9.0,44.75,44.75
852,16.0,10.0,9.0,37.5,37.5
853,16.0,10.0,9.0,30.25,30.25
854,16.0,10.0,9.0,23.0,23.0
855,16.0,10.0,7.75,52.0,52.0
856,16.0,10.0,7.75,44.75,44.75
857,16.0,10.0,7.75,37.5,37.5
858,16.0,10.0,7.75,30.25,30.25
859,16.0,10.0,7.75,23.0,23.0
860,16.0,10.0,6.5,52.0,52.0
861,16.0,10.0,6.5,44.75,44.75
862,16.0,10.0,6.5,37.5,37.5
863,16.0,10.0,6.5,30.25,30.25
864,16.0,10.0,6.5,23.0,23.0
865,16.0,10.0,5.25,52.0,52.0
866,16.0,10.0,5.25,44.75,44.75
867,16.0,10.0,5.25,37.5,37.5
868,16.0,10.0,5.25,30.25,30.25
869,16.0,10.0,5.25,23.0,23.0
870,16.0,10.0,4.0,52.0,52.0
871,16.0,10.0,4.0,44.75,44.75
872,16.0,10.0,4.0,37.5,37.5
873,16.0,10.0,4.0,30.25,30.25
874,16.0,10.0,4.0,23.0,23.0
875,13.0,23.0,9.0,52.0,52.0
876,13.0,23.0,9.0,44.75,44.75
877,13.0,23.0,9.0,37.5,37.5
878,13.0,23.0,9.0,30.25,30.25
879,13.0,23.0,9.0,23.0,23.0
880,13.0,23.0,7.75,52.0,52.0
881,13.0,23.0,7.75,44.75,44.75
882,13.0,23.0,7.75,37.5,37.5
883,13.0,23.0,7.75,30.25,30.25
884,13.0,23.0,7.75,23.0,23.0
885,13.0,23.0,6.5,52.0,52.0
886,13.0,23.0,6.5,44.75,44.75
887,13.0,23.0,6.5,37.5,37.5
888,13.0,23.0,6.5,30.25,30.25
889,13.0,23.0,6.5,23.0,23.0
890,13.0,23.0,5.25,52.0,52.0
891,13.0,23.0,5.25,44.75,44.75
892,13.0,23.0,5.25,37.5,37.5
893,13.0,23.0,5.25,30.25,30.25
894,13.0,23.0,5.25,23.0,23.0
895,13.0,23.0,4.0,52.0,52.0
896,13.0,23.0,4.0,44.75,44.75
897,13.0,23.0,4.0,37.5,37.5
898,13.0,23.0,4.0,30.25,30.25
899,13.0,23.0,4.0,23.0,23.0
900,13.0,20.833333333333332,9.0,52.0,52.0
901,13.0,20.833333333333332,9.0,44.75,44.75
902,13.0,20.833333333333332,9.0,37.5,37.5
903,13.0,20.833333333333332,9.0,30.25,30.25
904,13.0,20.833333333333332,9.0,23.0,23.0
905,13.0,20.833333333333332,7.75,52.0,52.0
906,13.0,20.833333333333332,7.75,44.75,44.75
907,13.0,20.833333333333332,7.75,37.5,37.5
908,13.0,20.833333333333332,7.75,30.25,30.25
909,13.0,20.833333333333332,7.75,23.0,23.0
910,13.0,20.833333333333332,6.5,52.0,52.0
911,13.0,20.833333333333332,6.5,44.75,44.75
912,13.0,20.833333333333332,6.5,37.5,37.5
913,13.0,20.833333333333332,6.5,30.25,30.25
914,13.0,20.833333333333332,6.5,23.0,23.0
915,13.0,20.833333333333332,5.25,52.0,52.0
916,13.0,20.833333333333332,5.25,44.75,44.75
917,13.0,20.833333333333332,5.25,37.5,37.5
918,13.0,20.833333333333332,5.25,30.25,30.25
919,13.0,20.833333333333332,5.25,23.0,23.0
920,13.0,20.833333333333332,4.0,52.0,52.0
921,13.0,20.833333333333332,4.0,44.75,44.75
922,13.0,20.833333333333332,4.0,37.5,37.5
923,13.0,20.833333333333332,4.0,30.25,30.25
924,13.0,20.833333333333332,4.0,23.0,23.0
925,13.0,18.666666666666668,9.0,52.0,52.0
926,13.0,18.666666666666668,9.0,44.75,44.75
927,13.0,18.666666666666668,9.0,37.5,37.5
928,13.0,18.666666666666668,9.0,30.25,30.25
929,13.0,18.666666666666668,9.0,23.0,23.0
930,13.0,18.666666666666668,7.75,52.0,52.0
931,13.0,18.666666666666668,7.75,44.75,44.75
932,13.0,18.666666666666668,7.75,37.5,37.5
933,13.0,18.666666666666668,7.75,30.25,30.25
934,13.0,18.666666666666668,7.75,23.0,23.0
935,13.0,18.666666666666668,6.5,52.0,52.0
936,13.0,18.666666666666668,6.5,44.75,44.75
937,13.0,18.666666666666668,6.5,37.5,37.5
938,13.0,18.666666666666668,6.5,30.25,30.25
939,13.0,18.666666666666668,6.5,23.0,23.0
940,13.0,18.666666666666668,5.25,52.0,52.0
941,13.0,18.666666666666668,5.25,44.75,44.75
942,13.0,18.666666666666668,5.25,37.5,37.5
943,13.0,18.666666666666668,5.25,30.25,30.25
944,13.0,18.666666666666668,5.25,23.0,23.0
945,13.0,18.666666666666668,4.0,52.0,52.0
946,13.0,18.666666666666668,4.0,44.75,44.75
947,13.0,18.666666666666668,4.0,37.5,37.5
948,13.0,18.666666666666668,4.0,30.25,30.25
949,13.0,18.666666666666668,4.0,23.0,23.0
950,13.0,16.5,9.0,52.0,52.0
951,13.0,16.5,9.0,44.75,44.75
952,13.0,16.5,9.0,37.5,37.5
953,13.0,16.5,9.0,30.25,30.25
954,13.0,16.5,9.0,23.0,23.0
955,13.0,16.5,7.75,52.0,52.0
956,13.0,16.5,7.75,44.75,44.75
957,13.0,16.5,7.75,37.5,37.5
958,13.0,16.5,7.75,30.25,30.25
959,13.0,16.5,7.75,23.0,23.0
960,13.0,16.5,6.5,52.0,52.0
961,13.0,16.5,6.5,44.75,44.75
962,13.0,16.5,6.5,37.5,37.5
963,13.0,16.5,6.5,30.25,30.25
964,13.0,16.5,6.5,23.0,23.0
965,13.0,16.5,5.25,52.0,52.0
966,13.0,16.5,5.25,44.75,44.75
967,13.0,16.5,5.25,37.5,37.5
968,13.0,16.5,5.25,30.25,30.25
969,13.0,16.5,5.25,23.0,23.0
970,13.0,16.5,4.0,52.0,52.0
971,13.0,16.5,4.0,44.75,44.75
972,13.0,16.5,4.0,37.5,37.5
973,13.0,16.5,4.0,30.25,30.25
974,13.0,16.5,4.0,23.0,23.0
975,13.0,14.333333333333334,9.0,52.0,52.0
976,13.0,14.333333333333334,9.0,44.75,44.75
977,13.0,14.333333333333334,9.0,37.5,37.5
978,13.0,14.333333333333334,9.0,30.25,30.25
979,13.0,14.333333333333334,9.0,23.0,23.0
980,13.0,14.333333333333334,7.75,52.0,52.0
981,13.0,14.333333333333334,7.75,44.75,44.75
982,13.0,14.333333333333334,7.75,37.5,37.5
983,13.0,14.333333333333334,7.75,30.25,30.25
984,13.0,14.333333333333334,7.75,23.0,23.0
985,13.0,14.333333333333334,6.5,52.0,52.0
986,13.0,14.333333333333334,6.5,44.75,44.75
987,13.0,14.333333333333334,6.5,37.5,37.5
988,13.0,14.333333333333334,6.5,30.25,30.25
989,13.0,14.333333333333334,6.5,23.0,23.0
990,13.0,14.333333333333334,5.25,52.0,52.0
991,13.0,14.333333333333334,5.25,44.75,44.75
992,13.0,14.333333333333334,5.25,37.5,37.5
993,13.0,14.333333333333334,5.25,30.25,30.25
994,13.0,14.333333333333334,5.25,23.0,23.0
995,13.0,14.333333333333334,4.0,52.0,52.0
996,13.0,14.333333333333334,4.0,44.75,44.75
997,13.0,14.333333333333334,4.0,37.5,37.5
998,13.0,14.333333333333334,4.0,30.25,30.25
999,13.0,14.333333333333334,4.0,23.0,23.0
1000,13.0,12.166666666666668,9.0,52.0,52.0
1001,13.0,12.166666666666668,9.0,44.75,44.75
1002,13.0,12.166666666666668,9.0,37.5,37.5
1003,13.0,12.166666666666668,9.0,30.25,30.25
1004,13.0,12.166666666666668,9.0,23.0,23.0
1005,13.0,12.166666666666668,7.75,52.0,52.0
1006,13.0,12.166666666666668,7.75,44.75,44.75
1007,13.0,12.166666666666668,7.75,37.5,37.5
1008,13.0,12.166666666666668,7.75,30.25,30.25
1009,13.0,12.166666666666668,7.75,23.0,23.0
1010,13.0,12.166666666666668,6.5,52.0,52.0
1011,13.0,12.166666666666668,6.5,44.75,44.75
1012,13.0,12.166666666666668,6.5,37.5,37.5
1013,13.0,12.166666666666668,6.5,30.25,30.25
1014,13.0,12.166666666666668,6.5,23.0,23.0
1015,13.0,12.166666666666668,5.25,52.0,52.0
1016,13.0,12.166666666666668,5.25,44.75,44.75
1017,13.0,12.166666666666668,5.25,37.5,37.5
1018,13.0,12.166666666666668,5.25,30.25,30.25
1019,13.0,12.166666666666668,5.25,23.0,23.0
1020,13.0,12.166666666666668,4.0,52.0,52.0
1021,13.0,12.166666666666668,4.0,44.75,44.75
1022,13.0,12.166666666666668,4.0,37.5,37.5
1023,13.0,12.166666666666668,4.0,30.25,30.25
1024,13.0,12.166666666666668,4.0,23.0,23.0
1025,13.0,10.0,9.0,52.0,52.0
1026,13.0,10.0,9.0,44.75,44.75
1027,13.0,10.0,9.0,37.5,37.5
1028,13.0,10.0,9.0,30.25,30.25
1029,13.0,10.0,9.0,23.0,23.0
1030,13.0,10.0,7.75,52.0,52.0
1031,13.0,10.0,7.75,44.75,44.75
1032,13.0,10.0,7.75,37.5,37.5
1033,13.0,10.0,7.75,30.25,30.25
1034,13.0,10.0,7.75,23.0,23.0
1035,13.0,10.0,6.5,52.0,52.0
1036,13.0,10.0,6.5,44.75,44.75
1037,13.0,10.0,6.5,37.5,37.5
1038,13.0,10.0,6.5,30.25,30.25
1039,13.0,10.0,6.5,23.0,23.0
1040,13.0,10.0,5.25,52.0,52.0
1041,13.0,10.0,5.25,44.75,44.75
1042,13.0,10.0,5.25,37.5,37.5
1043,13.0,10.0,5.25,30.25,30.25
1044,13.0,10.0,5.25,23.0,23.0
1045,13.0,10.0,4.0,52.0,52.0
1046,13.0,10.0,4.0,44.75,44.75
1047,13.0,10.0,4.0,37.5,37.5
1048,13.0,10.0,4.0,30.25,30.25
1049,13.0,10.0,4.0,23.0,23.0
1050,10.0,23.0,9.0,52.0,52.0
1051,10.0,23.0,9.0,44.75,44.75
1052,10.0,23.0,9.0,37.5,37.5
1053,10.0,23.0,9.0,30.25,30.25
1054,10.0,23.0,9.0,23.0,23.0
1055,10.0,23.0,7.75,52.0,52.0
1056,10.0,23.0,7.75,44.75,44.75
1057,10.0,23.0,7.75,37.5,37.5
1058,10.0,23.0,7.75,30.25,30.25
1059,10.0,23.0,7.75,23.0,23.0
1060,10.0,23.0,6.5,52.0,52.0
1061,10.0,23.0,6.5,44.75,44.75
1062,10.0,23.0,6.5,37.5,37.5
1063,10.0,23.0,6.5,30.25,30.25
1064,10.0,23.0,6.5,23.0,23.0
1065,10.0,23.0,5.25,52.0,52.0
1066,10.0,23.0,5.25,44.75,44.75
1067,10.0,23.0,5.25,37.5,37.5
1068,10.0,23.0,5.25,30.25,30.25
1069,10.0,23.0,5.25,23.0,23.0
1070,10.0,23.0,4.0,52.0,52.0
1071,10.0,23.0,4.0,44.75,44.75
1072,10.0,23.0,4.0,37.5,37.5
1073,10.0,23.0,4.0,30.25,30.25
1074,10.0,23.0,4.0,23.0,23.0
1075,10.0,20.833333333333332,9.0,52.0,52.0
1076,10.0,20.833333333333332,9.0,44.75,44.75
1077,10.0,20.833333333333332,9.0,37.5,37.5
1078,10.0,20.833333333333332,9.0,30.25,30.25
1079,10.0,20.833333333333332,9.0,23.0,23.0
1080,10.0,20.833333333333332,7.75,52.0,52.0
1081,10.0,20.833333333333332,7.75,44.75,44.75
1082,10.0,20.833333333333332,7.75,37.5,37.5
1083,10.0,20.833333333333332,7.75,30.25,30.25
1084,10.0,20.833333333333332,7.75,23.0,23.0
1085,10.0,20.833333333333332,6.5,52.0,52.0
1086,10.0,20.833333333333332,6.5,44.75,44.75
1087,10.0,20.833333333333332,6.5,37.5,37.5
1088,10.0,20.833333333333332,6.5,30.25,30.25
1089,10.0,20.833333333333332,6.5,23.0,23.0
1090,10.0,20.833333333333332,5.25,52.0,52.0
1091,10.0,20.833333333333332,5.25,44.75,44.75
1092,10.0,20.833333333333332,5.25,37.5,37.5
1093,10.0,20.833333333333332,5.25,30.25,30.25
1094,10.0,20.833333333333332,5.25,23.0,23.0
1095,10.0,20.833333333333332,4.0,52.0,52.0
1096,10.0,20.833333333333332,4.0,44.75,44.75
1097,10.0,20.833333333333332,4.0,37.5,37.5
1098,10.0,20.833333333333332,4.0,30.25,30.25
1099,10.0,20.833333333333332,4.0,23.0,23.0
1100,10.0,18.666666666666668,9.0,52.0,52.0
1101,10.0,18.666666666666668,9.0,44.75,44.75
1102,10.0,18.666666666666668,9.0,37.5,37.5
1103,10.0,18.666666666666668,9.0,30.25,30.25
1104,10.0,18.666666666666668,9.0,23.0,23.0
1105,10.0,18.666666666666668,7.75,52.0,52.0
1106,10.0,18.666666666666668,7.75,44.75,44.75
1107,10.0,18.666666666666668,7.75,37.5,37.5
1108,10.0,18.666666666666668,7.75,30.25,30.25
1109,10.0,18.666666666666668,7.75,23.0,23.0
1110,10.0,18.666666666666668,6.5,52.0,52.0
1111,10.0,18.666666666666668,6.5,44.75,44.75
1112,10.0,18.666666666666668,6.5,37.5,37.5
1113,10.0,18.666666666666668,6.5,30.25,30.25
1114,10.0,18.666666666666668,6.5,23.0,23.0
1115,10.0,18.666666666666668,5.25,52.0,52.0
1116,10.0,18.666666666666668,5.25,44.75,44.75
1117,10.0,18.666666666666668,5.25,37.5,37.5
1118,10.0,18.666666666666668,5.25,30.25,30.25
1119,10.0,18.666666666666668,5.25,23.0,23.0
1120,10.0,18.666666666666668,4.0,52.0,52.0
1121,10.0,18.666666666666668,4.0,44.75,44.75
1122,10.0,18.666666666666668,4.0,37.5,37.5
1123,10.0,18.666666666666668,4.0,30.25,30.25
1124,10.0,18.666666666666668,4.0,23.0,23.0
1125,10.0,16.5,9.0,52.0,52.0
1126,10.0,16.5,9.0,44.75,44.75
1127,10.0,16.5,9.0,37.5,37.5
1128,10.0,16.5,9.0,30.25,30.25
1129,10.0,16.5,9.0,23.0,23.0
1130,10.0,16.5,7.75,52.0,52.0
1131,10.0,16.5,7.75,44.75,44.75
1132,10.0,16.5,7.75,37.5,37.5
1133,10.0,16.5,7.75,30.25,30.25
1134,10.0,16.5,7.75,23.0,23.0
1135,10.0,16.5,6.5,52.0,52.0
1136,10.0,16.5,6.5,44.75,44.75
1137,10.0,16.5,6.5,37.5,37.5
1138,10.0,16.5,6.5,30.25,30.25
1139,10.0,16.5,6.5,23.0,23.0
1140,10.0,16.5,5.25,52.0,52.0
1141,10.0,16.5,5.25,44.75,44.75
1142,10.0,16.5,5.25,37.5,37.5
1143,10.0,16.5,5.25,30.25,30.25
1144,10.0,16.5,5.25,23.0,23.0
1145,10.0,16.5,4.0,52.0,52.0
1146,10.0,16.5,4.0,44.75,44.75
1147,10.0,16.5,4.0,37.5,37.5
1148,10.0,16.5,4.0,30.25,30.25
1149,10.0,16.5,4.0,23.0,23.0
1150,10.0,14.333333333333334,9.0,52.0,52.0
1151,10.0,14.333333333333334,9.0,44.75,44.75
1152,10.0,14.333333333333334,9.0,37.5,37.5
1153,10.0,14.333333333333334,9.0,30.25,30.25
1154,10.0,14.333333333333334,9.0,23.0,23.0
1155,10.0,14.333333333333334,7.75,52.0,52.0
1156,10.0,14.333333333333334,7.75,44.75,44.75
1157,10.0,14.333333333333334,7.75,37.5,37.5
1158,10.0,14.333333333333334,7.75,30.25,30.25
1159,10.0,14.333333333333334,7.75,23.0,23.0
1160,10.0,14.333333333333334,6.5,52.0,52.0
1161,10.0,14.333333333333334,6.5,44.75,44.75
1162,10.0,14.333333333333334,6.5,37.5,37.5
1163,10.0,14.333333333333334,6.5,30.25,30.25
1164,10.0,14.333333333333334,6.5,23.0,23.0
1165,10.0,14.333333333333334,5.25,52.0,52.0
1166,10.0,14.333333333333334,5.25,44.75,44.75
1167,10.0,14.333333333333334,5.25,37.5,37.5
1168,10.0,14.333333333333334,5.25,30.25,30.25
1169,10.0,14.333333333333334,5.25,23.0,23.0
1170,10.0,14.333333333333334,4.0,52.0,52.0
1171,10.0,14.333333333333334,4.0,44.75,44.75
1172,10.0,14.333333333333334,4.0,37.5,37.5
1173,10.0,14.333333333333334,4.0,30.25,30.25
1174,10.0,14.333333333333334,4.0,23.0,23.0
1175,10.0,12.166666666666668,9.0,52.0,52.0
1176,10.0,12.166666666666668,9.0,44.75,44.75
1177,10.0,12.166666666666668,9.0,37.5,37.5
1178,10.0,12.166666666666668,9.0,30.25,30.25
1179,10.0,12.166666666666668,9.0,23.0,23.0
1180,10.0,12.166666666666668,7.75,52.0,52.0
1181,10.0,12.166666666666668,7.75,44.75,44.75
1182,10.0,12.166666666666668,7.75,37.5,37.5
1183,10.0,12.166666666666668,7.75,30.25,30.25
1184,10.0,12.166666666666668,7.75,23.0,23.0
1185,10.0,12.166666666666668,6.5,52.0,52.0
1186,10.0,12.166666666666668,6.5,44.75,44.75
1187,10.0,12.166666666666668,6.5,37.5,37.5
1188,10.0,12.166666666666668,6.5,30.25,30.25
1189,10.0,12.166666666666668,6.5,23.0,23.0
1190,10.0,12.166666666666668,5.25,52.0,52.0
1191,10.0,12.166666666666668,5.25,44.75,44.75
1192,10.0,12.166666666666668,5.25,37.5,37.5
1193,10.0,12.166666666666668,5.25,30.25,30.25
1194,10.0,12.166666666666668,5.25,23.0,23.0
1195,10.0,12.166666666666668,4.0,52.0,52.0
1196,10.0,12.166666666666668,4.0,44.75,44.75
1197,10.0,12.166666666666668,4.0,37.5,37.5
1198,10.0,12.166666666666668,4.0,30.25,30.25
1199,10.0,12.166666666666668,4.0,23.0,23.0
1200,10.0,10.0,9.0,52.0,52.0
1201,10.0,10.0,9.0,44.75,44.75
1202,10.0,10.0,9.0,37.5,37.5
1203,10.0,10.0,9.0,30.25,30.25
1204,10.0,10.0,9.0,23.0,23.0
1205,10.0,10.0,7.75,52.0,52.0
1206,10.0,10.0,7.75,44.75,44.75
1207,10.0,10.0,7.75,37.5,37.5
1208,10.0,10.0,7.75,30.25,30.25
1209,10.0,10.0,7.75,23.0,23.0
1210,10.0,10.0,6.5,52.0,52.0
1211,10.0,10.0,6.5,44.75,44.75
1212,10.0,10.0,6.5,37.5,37.5
1213,10.0,10.0,6.5,30.25,30.25
1214,10.0,10.0,6.5,23.0,23.0
1215,10.0,10.0,5.25,52.0,52.0
1216,10.0,10.0,5.25,44.75,44.75
1217,10.0,10.0,5.25,37.5,37.5
1218,10.0,10.0,5.25,30.25,30.25
1219,10.0,10.0,5.25,23.0,23.0
1220,10.0,10.0,4.0,52.0,52.0
1221,10.0,10.0,4.0,44.75,44.75
1222,10.0,10.0,4.0,37.5,37.5
1223,10.0,10.0,4.0,30.25,30.25
1224,10.0,10.0,4.0,23.0,23.0
